<?xml version="1.0" encoding="UTF-8"?>

<channel name="xsettings" version="1.0">
  <property name="Net" type="empty">
    <property name="ThemeName" type="string" value="Arc-Dark"/>
    <property name="IconThemeName" type="string" value="Arc"/>
    <property name="DoubleClickTime" type="empty"/>
    <property name="DoubleClickDistance" type="empty"/>
    <property name="DndDragThreshold" type="empty"/>
    <property name="CursorBlink" type="empty"/>
    <property name="CursorBlinkTime" type="empty"/>
    <property name="SoundThemeName" type="empty"/>
    <property name="EnableEventSounds" type="bool" value="true"/>
    <property name="EnableInputFeedbackSounds" type="bool" value="true"/>
  </property>
  <property name="Xft" type="empty">
    <property name="DPI" type="int" value="96"/>
    <property name="Antialias" type="int" value="1"/>
    <property name="Hinting" type="int" value="1"/>
    <property name="HintStyle" type="string" value="hintfull"/>
    <property name="RGBA" type="string" value="none"/>
  </property>
  <property name="Gtk" type="empty">
    <property name="CanChangeAccels" type="bool" value="false"/>
    <property name="ColorPalette" type="empty"/>
    <property name="FontName" type="string" value="Noto Sans 9"/>
    <property name="MonospaceFontName" type="empty"/>
    <property name="IconSizes" type="empty"/>
    <property name="KeyThemeName" type="empty"/>
    <property name="ToolbarStyle" type="empty"/>
    <property name="ToolbarIconSize" type="empty"/>
    <property name="MenuImages" type="bool" value="true"/>
    <property name="ButtonImages" type="bool" value="false"/>
    <property name="MenuBarAccel" type="empty"/>
    <property name="CursorThemeName" type="string" value="Adwaita"/>
    <property name="CursorThemeSize" type="empty"/>
    <property name="DecorationLayout" type="empty"/>
    <property name="DialogsUseHeader" type="empty"/>
    <property name="TitlebarMiddleClick" type="empty"/>
  </property>
  <property name="Gdk" type="empty">
    <property name="WindowScalingFactor" type="int" value="1"/>
  </property>
  <property name="Xfce" type="empty">
    <property name="LastCustomDPI" type="int" value="96"/>
  </property>
</channel>
